{"repoSenseVersion":"5cd529fb46","reportGeneratedTime":"Wed Mar 13 18:08:38 2024 UTC","reportGenerationTime":" 0.54 second(s)","zoneId":"Etc/UTC","reportTitle":"RepoSense Report","repos":[],"errorSet":[{"repoName":"nus-cs3203/23s2-win-spa-team-14[HEAD]","errorMessage":"Failed to clone from https://github.com/nus-cs3203/23s2-win-spa-team-14.git"}],"sinceDate":"2024-02-13","untilDate":"2024-03-13","isSinceDateProvided":false,"isUntilDateProvided":false,"supportedDomainUrlMap":{"NOT_RECOGNIZED":{"BRANCH":"","REPO_URL":"UNSUPPORTED","BASE_URL":"UNSUPPORTED","HISTORY_PATH":"","COMMIT_PATH":"","BLAME_PATH":""},"github":{"BRANCH":"tree/$BRANCH","REPO_URL":"https://github.com/$ORGANIZATION/$REPO_NAME/","BASE_URL":"https://github.com/","HISTORY_PATH":"commits/$BRANCH/$FILE_PATH","COMMIT_PATH":"commit/$COMMIT_HASH","BLAME_PATH":"blame/$BRANCH/$FILE_PATH"}}}
